{"transform": {"input_camera_1": [[2.220446049250313e-16, 2.220446049250313e-16, 1.0, 0.625], [-1.0, 0.0, 2.220446049250313e-16, -0.0], [0.0, -1.0, 2.220446049250313e-16, 1.0], [0.0, 0.0, 0.0, 1.0]], "input_camera_6": [[-0.25881904510252096, 2.7755575615628914e-16, 0.9659258262890686, 0.6037036180496216], [-0.9659258262890686, -3.3306690738754696e-16, -0.2588190451025207, -0.16176190972328186], [5.551115123125783e-17, -1.0000000000000002, 1.1102230246251565e-16, 1.0], [0.0, 0.0, 0.0, 1.0]], "input_camera_11": [[-0.5, 1.1102230246251565e-16, 0.8660254037844389, 0.5412659049034119], [-0.8660254037844389, -2.220446049250313e-16, -0.49999999999999983, -0.3125], [0.0, -1.0000000000000002, 0.0, 1.0], [0.0, 0.0, 0.0, 1.0]], "input_camera_16": [[-0.7071067811865479, 5.551115123125783e-17, 0.7071067811865479, 0.4419417381286621], [-0.7071067811865479, -4.440892098500626e-16, -0.7071067811865476, -0.4419417381286621], [5.551115123125783e-17, -1.0000000000000004, -2.220446049250313e-16, 1.0], [0.0, 0.0, 0.0, 1.0]], "input_camera_21": [[-0.8660254037844385, 1.6653345369377348e-16, 0.5000000000000003, 0.3125], [-0.5000000000000004, -3.3306690738754696e-16, -0.8660254037844385, -0.5412659049034119], [0.0, -1.0, 2.220446049250313e-16, 1.0], [0.0, 0.0, 0.0, 1.0]], "input_camera_26": [[-0.9659258262890686, 8.326672684688674e-17, 0.258819045102521, 0.16176190972328186], [-0.2588190451025211, -3.3306690738754696e-16, -0.9659258262890684, -0.6037036180496216], [-5.551115123125783e-17, -1.0000000000000002, -1.1102230246251565e-16, 1.0], [0.0, 0.0, 0.0, 1.0]], "input_camera_31": [[-1.0, 2.465190328815662e-32, 3.14018491736755e-16, 3.827021248892527e-17], [-3.14018491736755e-16, -2.220446049250313e-16, -1.0, -0.625], [2.465190328815662e-32, -1.0, 2.220446049250313e-16, 1.0], [0.0, 0.0, 0.0, 1.0]], "input_camera_36": [[-0.9659258262890686, -1.1102230246251565e-16, -0.2588190451025205, -0.16176190972328186], [0.2588190451025205, -2.220446049250313e-16, -0.9659258262890685, -0.6037036180496216], [5.551115123125783e-17, -1.0000000000000002, 0.0, 1.0], [0.0, 0.0, 0.0, 1.0]], "input_camera_41": [[-0.8660254037844394, -1.1102230246251565e-16, -0.4999999999999998, -0.3125], [0.4999999999999997, -4.440892098500626e-16, -0.8660254037844392, -0.5412659049034119], [2.7755575615628914e-17, -1.0000000000000002, -1.1102230246251565e-16, 1.0], [0.0, 0.0, 0.0, 1.0]], "input_camera_46": [[-0.7071067811865479, -1.6653345369377348e-16, -0.7071067811865472, -0.4419417381286621], [0.7071067811865472, -1.1102230246251565e-16, -0.7071067811865479, -0.4419417381286621], [5.551115123125783e-17, -1.0, 1.1102230246251565e-16, 1.0], [0.0, 0.0, 0.0, 1.0]], "input_camera_51": [[-0.5000000000000003, -2.220446049250313e-16, -0.8660254037844386, -0.5412659049034119], [0.8660254037844386, -3.3306690738754696e-16, -0.5000000000000002, -0.3125], [-1.1102230246251565e-16, -1.0, 2.220446049250313e-16, 1.0], [0.0, 0.0, 0.0, 1.0]], "input_camera_56": [[-0.2588190451025212, -2.220446049250313e-16, -0.9659258262890682, -0.6037036180496216], [0.9659258262890682, 0.0, -0.2588190451025212, -0.16176190972328186], [0.0, -1.0, 2.220446049250313e-16, 1.0], [0.0, 0.0, 0.0, 1.0]], "input_camera_61": [[-6.661338147750939e-16, -2.220446049250313e-16, -1.0000000000000002, -0.625], [1.0000000000000002, -2.220446049250313e-16, -4.440892098500626e-16, -7.654042497785054e-17], [0.0, -1.0000000000000002, 0.0, 1.0], [0.0, 0.0, 0.0, 1.0]], "input_camera_66": [[0.2588190451025206, -2.220446049250313e-16, -0.9659258262890684, -0.6037036180496216], [0.9659258262890683, -5.551115123125783e-17, 0.2588190451025207, 0.16176190972328186], [-5.551115123125783e-17, -1.0, 1.1102230246251565e-16, 1.0], [0.0, 0.0, 0.0, 1.0]], "input_camera_71": [[0.4999999999999999, -2.220446049250313e-16, -0.8660254037844387, -0.5412659049034119], [0.8660254037844387, 0.0, 0.49999999999999994, 0.3125], [-1.1102230246251565e-16, -1.0, 1.6653345369377348e-16, 1.0], [0.0, 0.0, 0.0, 1.0]], "input_camera_76": [[0.7071067811865472, -1.6653345369377348e-16, -0.7071067811865479, -0.4419417381286621], [0.7071067811865479, 5.551115123125783e-17, 0.7071067811865475, 0.4419417381286621], [5.551115123125783e-17, -1.0000000000000002, 1.1102230246251565e-16, 1.0], [0.0, 0.0, 0.0, 1.0]], "input_camera_81": [[0.8660254037844384, -1.1102230246251565e-16, -0.5000000000000006, -0.3125], [0.5000000000000006, 1.6653345369377348e-16, 0.8660254037844383, 0.5412659049034119], [0.0, -0.9999999999999999, 2.0816681711721685e-16, 1.0], [0.0, 0.0, 0.0, 1.0]], "input_camera_86": [[0.9659258262890682, -1.1102230246251565e-16, -0.25881904510252096, -0.16176190972328186], [0.25881904510252096, 2.255140518769849e-16, 0.9659258262890681, 0.6037036180496216], [-5.551115123125783e-17, -0.9999999999999999, 2.463307335887066e-16, 1.0], [0.0, 0.0, 0.0, 1.0]], "input_camera_91": [[1.0, -2.465190328815662e-32, -3.14018491736755e-16, -1.148106308493309e-16], [3.14018491736755e-16, 2.2204460492503128e-16, 1.0, 0.625], [2.465190328815662e-32, -1.0, 2.2204460492503128e-16, 1.0], [0.0, 0.0, 0.0, 1.0]], "input_camera_96": [[0.9659258262890684, 1.1102230246251565e-16, 0.2588190451025201, 0.16176190972328186], [-0.2588190451025201, 1.734723475976807e-17, 0.9659258262890686, 0.6037036180496216], [2.7755575615628914e-17, -1.0000000000000002, 3.8163916471489756e-17, 1.0], [0.0, 0.0, 0.0, 1.0]], "input_camera_101": [[0.8660254037844387, 1.3877787807814457e-16, 0.5, 0.3125], [-0.5, 0.0, 0.8660254037844387, 0.5412659049034119], [8.326672684688674e-17, -1.0, 6.938893903907228e-17, 1.0], [0.0, 0.0, 0.0, 1.0]], "input_camera_106": [[0.7071067811865479, 5.551115123125783e-17, 0.7071067811865472, 0.4419417381286621], [-0.7071067811865472, 8.326672684688674e-17, 0.7071067811865479, 0.4419417381286621], [-5.551115123125783e-17, -1.0, 8.326672684688674e-17, 1.0], [0.0, 0.0, 0.0, 1.0]], "input_camera_111": [[0.5000000000000004, 1.6653345369377348e-16, 0.8660254037844386, 0.5412659049034119], [-0.8660254037844386, -2.498001805406602e-16, 0.5000000000000008, 0.3125], [-5.551115123125783e-17, -1.0000000000000002, -1.6653345369377348e-16, 1.0], [0.0, 0.0, 0.0, 1.0]], "input_camera_116": [[0.2588190451025208, 2.220446049250313e-16, 0.9659258262890684, 0.6037036180496216], [-0.9659258262890684, -1.6653345369377348e-16, 0.25881904510252096, 0.16176190972328186], [0.0, -1.0000000000000002, 0.0, 1.0], [0.0, 0.0, 0.0, 1.0]], "input_camera_121": [[2.220446049250313e-16, 2.220446049250313e-16, 1.0, 0.625], [-1.0, 0.0, 2.220446049250313e-16, -0.0], [0.0, -1.0, 2.220446049250313e-16, 1.0], [0.0, 0.0, 0.0, 1.0]]}, "fov": 90, "img_size": [320, 200]}