{"transform": {"input_camera_1": [[2.220446049250313e-16, 2.220446049250313e-16, 1.0, 0.49999999999999994], [-1.0, 0.0, 2.220446049250313e-16, -0.0], [0.0, -1.0, 2.220446049250313e-16, 1.0], [0.0, 0.0, 0.0, 1.0]], "input_camera_2": [[-0.8660254037844385, 1.6653345369377348e-16, 0.5000000000000003, 0.24999999999999997], [-0.5000000000000004, -3.3306690738754696e-16, -0.8660254037844385, -0.6928203582763666], [0.0, -1.0, 2.220446049250313e-16, 1.0], [0.0, 0.0, 0.0, 1.0]], "input_camera_3": [[-0.8660254037844394, -1.1102230246251565e-16, -0.4999999999999998, -0.24999999999999997], [0.4999999999999997, -4.440892098500626e-16, -0.8660254037844392, -0.6928203582763666], [2.7755575615628914e-17, -1.0000000000000002, -1.1102230246251565e-16, 1.0], [0.0, 0.0, 0.0, 1.0]], "input_camera_4": [[-6.661338147750939e-16, -2.220446049250313e-16, -1.0000000000000002, -0.49999999999999994], [1.0000000000000002, -2.220446049250313e-16, -4.440892098500626e-16, -9.797174397164863e-17], [0.0, -1.0000000000000002, 0.0, 1.0], [0.0, 0.0, 0.0, 1.0]], "input_camera_5": [[0.8660254037844384, -1.1102230246251565e-16, -0.5000000000000006, -0.24999999999999997], [0.5000000000000006, 1.6653345369377348e-16, 0.8660254037844383, 0.6928203582763666], [0.0, -0.9999999999999999, 2.0816681711721685e-16, 1.0], [0.0, 0.0, 0.0, 1.0]], "input_camera_6": [[0.8660254037844387, 1.3877787807814457e-16, 0.5, 0.24999999999999997], [-0.5, 0.0, 0.8660254037844387, 0.6928203582763666], [8.326672684688674e-17, -1.0, 6.938893903907228e-17, 1.0], [0.0, 0.0, 0.0, 1.0]]}, "fov": 90, "img_size": [256, 256]}