{"transform": {"input_camera_1": [[2.220446049250313e-16, 2.220446049250313e-16, 1.0, 0.49999999999999994], [-1.0, 0.0, 2.220446049250313e-16, -0.0], [0.0, -1.0, 2.220446049250313e-16, 1.0], [0.0, 0.0, 0.0, 1.0]], "input_camera_2": [[-0.8660254037844385, 1.6653345369377348e-16, 0.5000000000000003, 0.24999999999999997], [-0.5000000000000004, -3.3306690738754696e-16, -0.8660254037844385, -0.6928203582763666], [0.0, -1.0, 2.220446049250313e-16, 1.0], [0.0, 0.0, 0.0, 1.0]], "input_camera_3": [[-0.8660254037844394, -1.1102230246251565e-16, -0.4999999999999998, -0.24999999999999997], [0.4999999999999997, -4.440892098500626e-16, -0.8660254037844392, -0.6928203582763666], [2.7755575615628914e-17, -1.0000000000000002, -1.1102230246251565e-16, 1.0], [0.0, 0.0, 0.0, 1.0]], "input_camera_4": [[-6.661338147750939e-16, -2.220446049250313e-16, -1.0000000000000002, -0.49999999999999994], [1.0000000000000002, -2.220446049250313e-16, -4.440892098500626e-16, -9.797174397164863e-17], [0.0, -1.0000000000000002, 0.0, 1.0], [0.0, 0.0, 0.0, 1.0]], "input_camera_5": [[0.8660254037844384, -1.1102230246251565e-16, -0.5000000000000006, -0.24999999999999997], [0.5000000000000006, 1.6653345369377348e-16, 0.8660254037844383, 0.6928203582763666], [0.0, -0.9999999999999999, 2.0816681711721685e-16, 1.0], [0.0, 0.0, 0.0, 1.0]], "input_camera_6": [[0.8660254037844387, 1.3877787807814457e-16, 0.5, 0.24999999999999997], [-0.5, 0.0, 0.8660254037844387, 0.6928203582763666], [8.326672684688674e-17, -1.0, 6.938893903907228e-17, 1.0], [0.0, 0.0, 0.0, 1.0]],"input_camera_7": [[-0.5236729171845257, 2.220446049250313e-16, 0.8519194068733551, 0.3684210777282715], [-0.8519194068733551, -2.220446049250313e-16, -0.5236729171845256, -0.36464232206344604], [0.0, -1.0000000000000002, 1.1102230246251565e-16, 1.0], [0.0, 0.0, 0.0, 1.0]],"input_camera_8": [[-0.9996203070352903, 1.682681771697503e-16, -0.027554341993075764, -0.01315789669752121], [0.027554341993075764, -4.440892098500626e-16, -0.9996203070352904, -0.6928204298019409], [-1.8388068845354155e-16, -0.9999999999999999, 6.661338147750939e-16, 1.0], [0.0, 0.0, 0.0, 1.0]]},"input_camera_9": [[-0.4759473960071098, -2.220446049250313e-16, -0.8794737495991862, -0.3815789520740509], [0.8794737495991862, -7.771561172376096e-16, -0.4759473960071096, -0.3281780779361725], [-3.885780586188048e-16, -1.0000000000000002, 2.220446049250313e-16, 1.0], [0.0, 0.0, 0.0, 1.0]],"input_camera_10": [[0.5236729171845254, -4.440892098500626e-16, -0.8519194068733552, -0.3684210777282715], [0.8519194068733552, 8.326672684688674e-17, 0.5236729171845255, 0.36464232206344604], [-1.1102230246251565e-16, -1.0, 3.3306690738754696e-16, 1.0], [0.0, 0.0, 0.0, 1.0]],"input_camera_11": [[0.9996203070352907, -2.2551405187698492e-17, -0.02755434199307534, -0.01315789669752121], [0.02755434199307534, 5.925164872633282e-17, 0.9996203070352908, 0.6928204298019409], [-1.5612511283791264e-17, -1.0000000000000002, 5.979374981257557e-17, 1.0], [0.0, 0.0, 0.0, 1.0]],"input_camera_12": [[0.4759473960071091, 1.6653345369377348e-16, 0.8794737495991862, 0.3815789520740509], [-0.8794737495991862, 1.1102230246251565e-16, 0.47594739600710906, 0.3281780779361725], [5.551115123125783e-17, -1.0, 2.220446049250313e-16, 1.0], [0.0, 0.0, 0.0, 1.0]], "fov": 90, "img_size": [256, 256]}